CREATE TABLE IF NOT EXISTS "auth_group" ("id" integer NOT NULL PRIMARY KEY AUTOINCREMENT, "name" varchar(150) NOT NULL UNIQUE);
CREATE UNIQUE INDEX "auth_group_permissions_group_id_permission_id_0cd325b0_uniq" ON "auth_group_permissions" ("group_id", "permission_id");
CREATE INDEX IF NOT EXISTS "auth_group_permissions_group_id_b120cbf9" ON "auth_group_permissions" ("group_id");
CREATE INDEX IF NOT EXISTS "auth_group_permissions_permission_id_84c5c92e" ON "auth_group_permissions" ("permission_id");
CREATE UNIQUE INDEX "auth_user_groups_user_id_group_id_94350c0c_uniq" ON "auth_user_groups" ("user_id", "group_id");
CREATE INDEX IF NOT EXISTS "auth_user_groups_user_id_6a12ed8b" ON "auth_user_groups" ("user_id");
CREATE INDEX IF NOT EXISTS "auth_user_groups_group_id_97559544" ON "auth_user_groups" ("group_id");
CREATE UNIQUE INDEX "auth_user_user_permissions_user_id_permission_id_14a6b632_uniq" ON "auth_user_user_permissions" ("user_id", "permission_id");
CREATE INDEX IF NOT EXISTS "auth_user_user_permissions_user_id_a95ead1b" ON "auth_user_user_permissions" ("user_id");
CREATE INDEX IF NOT EXISTS "auth_user_user_permissions_permission_id_1fbb5f2c" ON "auth_user_user_permissions" ("permission_id");
CREATE INDEX IF NOT EXISTS "django_admin_log_content_type_id_c4bce8eb" ON "django_admin_log" ("content_type_id");
CREATE INDEX IF NOT EXISTS "django_admin_log_user_id_c564eba6" ON "django_admin_log" ("user_id");
CREATE UNIQUE INDEX "django_content_type_app_label_model_76bd3d3b_uniq" ON "django_content_type" ("app_label", "model");
CREATE UNIQUE INDEX "auth_permission_content_type_id_codename_01ab375a_uniq" ON "auth_permission" ("content_type_id", "codename");
CREATE INDEX IF NOT EXISTS "auth_permission_content_type_id_2f476e4b" ON "auth_permission" ("content_type_id");
CREATE INDEX IF NOT EXISTS "django_session_expire_date_a5c62663" ON "django_session" ("expire_date");
CREATE TABLE IF NOT EXISTS "auth_group_permissions" ("id" integer NOT NULL PRIMARY KEY AUTOINCREMENT, "group_id" integer NOT NULL REFERENCES "auth_group" ("id") DEFERRABLE INITIALLY DEFERRED, "permission_id" integer NOT NULL REFERENCES "auth_permission" ("id") DEFERRABLE INITIALLY DEFERRED);
CREATE UNIQUE INDEX "auth_group_permissions_group_id_permission_id_0cd325b0_uniq" ON "auth_group_permissions" ("group_id", "permission_id");
CREATE INDEX IF NOT EXISTS "auth_group_permissions_group_id_b120cbf9" ON "auth_group_permissions" ("group_id");
CREATE INDEX IF NOT EXISTS "auth_group_permissions_permission_id_84c5c92e" ON "auth_group_permissions" ("permission_id");
CREATE UNIQUE INDEX "auth_user_groups_user_id_group_id_94350c0c_uniq" ON "auth_user_groups" ("user_id", "group_id");
CREATE INDEX IF NOT EXISTS "auth_user_groups_user_id_6a12ed8b" ON "auth_user_groups" ("user_id");
CREATE INDEX IF NOT EXISTS "auth_user_groups_group_id_97559544" ON "auth_user_groups" ("group_id");
CREATE UNIQUE INDEX "auth_user_user_permissions_user_id_permission_id_14a6b632_uniq" ON "auth_user_user_permissions" ("user_id", "permission_id");
CREATE INDEX IF NOT EXISTS "auth_user_user_permissions_user_id_a95ead1b" ON "auth_user_user_permissions" ("user_id");
CREATE INDEX IF NOT EXISTS "auth_user_user_permissions_permission_id_1fbb5f2c" ON "auth_user_user_permissions" ("permission_id");
CREATE INDEX IF NOT EXISTS "django_admin_log_content_type_id_c4bce8eb" ON "django_admin_log" ("content_type_id");
CREATE INDEX IF NOT EXISTS "django_admin_log_user_id_c564eba6" ON "django_admin_log" ("user_id");
CREATE UNIQUE INDEX "django_content_type_app_label_model_76bd3d3b_uniq" ON "django_content_type" ("app_label", "model");
CREATE UNIQUE INDEX "auth_permission_content_type_id_codename_01ab375a_uniq" ON "auth_permission" ("content_type_id", "codename");
CREATE INDEX IF NOT EXISTS "auth_permission_content_type_id_2f476e4b" ON "auth_permission" ("content_type_id");
CREATE INDEX IF NOT EXISTS "django_session_expire_date_a5c62663" ON "django_session" ("expire_date");
CREATE TABLE IF NOT EXISTS "auth_permission" ("id" integer NOT NULL PRIMARY KEY AUTOINCREMENT, "content_type_id" integer NOT NULL REFERENCES "django_content_type" ("id") DEFERRABLE INITIALLY DEFERRED, "codename" varchar(100) NOT NULL, "name" varchar(255) NOT NULL);
INSERT INTO "auth_permission" VALUES(1,1,'add_profile','Can add profile');
INSERT INTO "auth_permission" VALUES(2,1,'change_profile','Can change profile');
INSERT INTO "auth_permission" VALUES(3,1,'delete_profile','Can delete profile');
INSERT INTO "auth_permission" VALUES(4,1,'view_profile','Can view profile');
INSERT INTO "auth_permission" VALUES(5,2,'add_event','Can add event');
INSERT INTO "auth_permission" VALUES(6,2,'change_event','Can change event');
INSERT INTO "auth_permission" VALUES(7,2,'delete_event','Can delete event');
INSERT INTO "auth_permission" VALUES(8,2,'view_event','Can view event');
INSERT INTO "auth_permission" VALUES(9,3,'add_certifications','Can add certifications');
INSERT INTO "auth_permission" VALUES(10,3,'change_certifications','Can change certifications');
INSERT INTO "auth_permission" VALUES(11,3,'delete_certifications','Can delete certifications');
INSERT INTO "auth_permission" VALUES(12,3,'view_certifications','Can view certifications');
INSERT INTO "auth_permission" VALUES(13,4,'add_competetive','Can add competetive');
INSERT INTO "auth_permission" VALUES(14,4,'change_competetive','Can change competetive');
INSERT INTO "auth_permission" VALUES(15,4,'delete_competetive','Can delete competetive');
INSERT INTO "auth_permission" VALUES(16,4,'view_competetive','Can view competetive');
INSERT INTO "auth_permission" VALUES(17,5,'add_fellowships','Can add fellowships');
INSERT INTO "auth_permission" VALUES(18,5,'change_fellowships','Can change fellowships');
INSERT INTO "auth_permission" VALUES(19,5,'delete_fellowships','Can delete fellowships');
INSERT INTO "auth_permission" VALUES(20,5,'view_fellowships','Can view fellowships');
INSERT INTO "auth_permission" VALUES(21,6,'add_hackathons','Can add hackathons');
INSERT INTO "auth_permission" VALUES(22,6,'change_hackathons','Can change hackathons');
INSERT INTO "auth_permission" VALUES(23,6,'delete_hackathons','Can delete hackathons');
INSERT INTO "auth_permission" VALUES(24,6,'view_hackathons','Can view hackathons');
INSERT INTO "auth_permission" VALUES(25,7,'add_internship','Can add internship');
INSERT INTO "auth_permission" VALUES(26,7,'change_internship','Can change internship');
INSERT INTO "auth_permission" VALUES(27,7,'delete_internship','Can delete internship');
INSERT INTO "auth_permission" VALUES(28,7,'view_internship','Can view internship');
INSERT INTO "auth_permission" VALUES(29,8,'add_member','Can add member');
INSERT INTO "auth_permission" VALUES(30,8,'change_member','Can change member');
INSERT INTO "auth_permission" VALUES(31,8,'delete_member','Can delete member');
INSERT INTO "auth_permission" VALUES(32,8,'view_member','Can view member');
INSERT INTO "auth_permission" VALUES(33,9,'add_scolarships','Can add scolarships');
INSERT INTO "auth_permission" VALUES(34,9,'change_scolarships','Can change scolarships');
INSERT INTO "auth_permission" VALUES(35,9,'delete_scolarships','Can delete scolarships');
INSERT INTO "auth_permission" VALUES(36,9,'view_scolarships','Can view scolarships');
INSERT INTO "auth_permission" VALUES(37,10,'add_suggestions','Can add suggestions');
INSERT INTO "auth_permission" VALUES(38,10,'change_suggestions','Can change suggestions');
INSERT INTO "auth_permission" VALUES(39,10,'delete_suggestions','Can delete suggestions');
INSERT INTO "auth_permission" VALUES(40,10,'view_suggestions','Can view suggestions');
INSERT INTO "auth_permission" VALUES(41,11,'add_logentry','Can add log entry');
INSERT INTO "auth_permission" VALUES(42,11,'change_logentry','Can change log entry');
INSERT INTO "auth_permission" VALUES(43,11,'delete_logentry','Can delete log entry');
INSERT INTO "auth_permission" VALUES(44,11,'view_logentry','Can view log entry');
INSERT INTO "auth_permission" VALUES(45,12,'add_permission','Can add permission');
INSERT INTO "auth_permission" VALUES(46,12,'change_permission','Can change permission');
INSERT INTO "auth_permission" VALUES(47,12,'delete_permission','Can delete permission');
INSERT INTO "auth_permission" VALUES(48,12,'view_permission','Can view permission');
INSERT INTO "auth_permission" VALUES(49,13,'add_group','Can add group');
INSERT INTO "auth_permission" VALUES(50,13,'change_group','Can change group');
INSERT INTO "auth_permission" VALUES(51,13,'delete_group','Can delete group');
INSERT INTO "auth_permission" VALUES(52,13,'view_group','Can view group');
INSERT INTO "auth_permission" VALUES(53,14,'add_user','Can add user');
INSERT INTO "auth_permission" VALUES(54,14,'change_user','Can change user');
INSERT INTO "auth_permission" VALUES(55,14,'delete_user','Can delete user');
INSERT INTO "auth_permission" VALUES(56,14,'view_user','Can view user');
INSERT INTO "auth_permission" VALUES(57,15,'add_contenttype','Can add content type');
INSERT INTO "auth_permission" VALUES(58,15,'change_contenttype','Can change content type');
INSERT INTO "auth_permission" VALUES(59,15,'delete_contenttype','Can delete content type');
INSERT INTO "auth_permission" VALUES(60,15,'view_contenttype','Can view content type');
INSERT INTO "auth_permission" VALUES(61,16,'add_session','Can add session');
INSERT INTO "auth_permission" VALUES(62,16,'change_session','Can change session');
INSERT INTO "auth_permission" VALUES(63,16,'delete_session','Can delete session');
INSERT INTO "auth_permission" VALUES(64,16,'view_session','Can view session');
CREATE UNIQUE INDEX "auth_group_permissions_group_id_permission_id_0cd325b0_uniq" ON "auth_group_permissions" ("group_id", "permission_id");
CREATE INDEX IF NOT EXISTS "auth_group_permissions_group_id_b120cbf9" ON "auth_group_permissions" ("group_id");
CREATE INDEX IF NOT EXISTS "auth_group_permissions_permission_id_84c5c92e" ON "auth_group_permissions" ("permission_id");
CREATE UNIQUE INDEX "auth_user_groups_user_id_group_id_94350c0c_uniq" ON "auth_user_groups" ("user_id", "group_id");
CREATE INDEX IF NOT EXISTS "auth_user_groups_user_id_6a12ed8b" ON "auth_user_groups" ("user_id");
CREATE INDEX IF NOT EXISTS "auth_user_groups_group_id_97559544" ON "auth_user_groups" ("group_id");
CREATE UNIQUE INDEX "auth_user_user_permissions_user_id_permission_id_14a6b632_uniq" ON "auth_user_user_permissions" ("user_id", "permission_id");
CREATE INDEX IF NOT EXISTS "auth_user_user_permissions_user_id_a95ead1b" ON "auth_user_user_permissions" ("user_id");
CREATE INDEX IF NOT EXISTS "auth_user_user_permissions_permission_id_1fbb5f2c" ON "auth_user_user_permissions" ("permission_id");
CREATE INDEX IF NOT EXISTS "django_admin_log_content_type_id_c4bce8eb" ON "django_admin_log" ("content_type_id");
CREATE INDEX IF NOT EXISTS "django_admin_log_user_id_c564eba6" ON "django_admin_log" ("user_id");
CREATE UNIQUE INDEX "django_content_type_app_label_model_76bd3d3b_uniq" ON "django_content_type" ("app_label", "model");
CREATE UNIQUE INDEX "auth_permission_content_type_id_codename_01ab375a_uniq" ON "auth_permission" ("content_type_id", "codename");
CREATE INDEX IF NOT EXISTS "auth_permission_content_type_id_2f476e4b" ON "auth_permission" ("content_type_id");
CREATE INDEX IF NOT EXISTS "django_session_expire_date_a5c62663" ON "django_session" ("expire_date");
CREATE TABLE IF NOT EXISTS "auth_user" ("id" integer NOT NULL PRIMARY KEY AUTOINCREMENT, "password" varchar(128) NOT NULL, "last_login" datetime NULL, "is_superuser" bool NOT NULL, "username" varchar(150) NOT NULL UNIQUE, "last_name" varchar(150) NOT NULL, "email" varchar(254) NOT NULL, "is_staff" bool NOT NULL, "is_active" bool NOT NULL, "date_joined" datetime NOT NULL, "first_name" varchar(150) NOT NULL);
INSERT INTO "auth_user" VALUES(1,'pbkdf2_sha256$320000$2ChUaETf3nWyLftCRLhdnu$RPvjrOq/hbERGZiZGbvHbkzngL+jRyzILUvza6mPfgk=','2022-03-03 04:08:36.727143',1,'Dheeraj','','dheeraj@gmail.com',1,1,'2022-01-23 17:45:06.461425','');
CREATE UNIQUE INDEX "auth_group_permissions_group_id_permission_id_0cd325b0_uniq" ON "auth_group_permissions" ("group_id", "permission_id");
CREATE INDEX IF NOT EXISTS "auth_group_permissions_group_id_b120cbf9" ON "auth_group_permissions" ("group_id");
CREATE INDEX IF NOT EXISTS "auth_group_permissions_permission_id_84c5c92e" ON "auth_group_permissions" ("permission_id");
CREATE UNIQUE INDEX "auth_user_groups_user_id_group_id_94350c0c_uniq" ON "auth_user_groups" ("user_id", "group_id");
CREATE INDEX IF NOT EXISTS "auth_user_groups_user_id_6a12ed8b" ON "auth_user_groups" ("user_id");
CREATE INDEX IF NOT EXISTS "auth_user_groups_group_id_97559544" ON "auth_user_groups" ("group_id");
CREATE UNIQUE INDEX "auth_user_user_permissions_user_id_permission_id_14a6b632_uniq" ON "auth_user_user_permissions" ("user_id", "permission_id");
CREATE INDEX IF NOT EXISTS "auth_user_user_permissions_user_id_a95ead1b" ON "auth_user_user_permissions" ("user_id");
CREATE INDEX IF NOT EXISTS "auth_user_user_permissions_permission_id_1fbb5f2c" ON "auth_user_user_permissions" ("permission_id");
CREATE INDEX IF NOT EXISTS "django_admin_log_content_type_id_c4bce8eb" ON "django_admin_log" ("content_type_id");
CREATE INDEX IF NOT EXISTS "django_admin_log_user_id_c564eba6" ON "django_admin_log" ("user_id");
CREATE UNIQUE INDEX "django_content_type_app_label_model_76bd3d3b_uniq" ON "django_content_type" ("app_label", "model");
CREATE UNIQUE INDEX "auth_permission_content_type_id_codename_01ab375a_uniq" ON "auth_permission" ("content_type_id", "codename");
CREATE INDEX IF NOT EXISTS "auth_permission_content_type_id_2f476e4b" ON "auth_permission" ("content_type_id");
CREATE INDEX IF NOT EXISTS "django_session_expire_date_a5c62663" ON "django_session" ("expire_date");
CREATE TABLE IF NOT EXISTS "auth_user_groups" ("id" integer NOT NULL PRIMARY KEY AUTOINCREMENT, "user_id" integer NOT NULL REFERENCES "auth_user" ("id") DEFERRABLE INITIALLY DEFERRED, "group_id" integer NOT NULL REFERENCES "auth_group" ("id") DEFERRABLE INITIALLY DEFERRED);
CREATE UNIQUE INDEX "auth_group_permissions_group_id_permission_id_0cd325b0_uniq" ON "auth_group_permissions" ("group_id", "permission_id");
CREATE INDEX IF NOT EXISTS "auth_group_permissions_group_id_b120cbf9" ON "auth_group_permissions" ("group_id");
CREATE INDEX IF NOT EXISTS "auth_group_permissions_permission_id_84c5c92e" ON "auth_group_permissions" ("permission_id");
CREATE UNIQUE INDEX "auth_user_groups_user_id_group_id_94350c0c_uniq" ON "auth_user_groups" ("user_id", "group_id");
CREATE INDEX IF NOT EXISTS "auth_user_groups_user_id_6a12ed8b" ON "auth_user_groups" ("user_id");
CREATE INDEX IF NOT EXISTS "auth_user_groups_group_id_97559544" ON "auth_user_groups" ("group_id");
CREATE UNIQUE INDEX "auth_user_user_permissions_user_id_permission_id_14a6b632_uniq" ON "auth_user_user_permissions" ("user_id", "permission_id");
CREATE INDEX IF NOT EXISTS "auth_user_user_permissions_user_id_a95ead1b" ON "auth_user_user_permissions" ("user_id");
CREATE INDEX IF NOT EXISTS "auth_user_user_permissions_permission_id_1fbb5f2c" ON "auth_user_user_permissions" ("permission_id");
CREATE INDEX IF NOT EXISTS "django_admin_log_content_type_id_c4bce8eb" ON "django_admin_log" ("content_type_id");
CREATE INDEX IF NOT EXISTS "django_admin_log_user_id_c564eba6" ON "django_admin_log" ("user_id");
CREATE UNIQUE INDEX "django_content_type_app_label_model_76bd3d3b_uniq" ON "django_content_type" ("app_label", "model");
CREATE UNIQUE INDEX "auth_permission_content_type_id_codename_01ab375a_uniq" ON "auth_permission" ("content_type_id", "codename");
CREATE INDEX IF NOT EXISTS "auth_permission_content_type_id_2f476e4b" ON "auth_permission" ("content_type_id");
CREATE INDEX IF NOT EXISTS "django_session_expire_date_a5c62663" ON "django_session" ("expire_date");
CREATE TABLE IF NOT EXISTS "auth_user_user_permissions" ("id" integer NOT NULL PRIMARY KEY AUTOINCREMENT, "user_id" integer NOT NULL REFERENCES "auth_user" ("id") DEFERRABLE INITIALLY DEFERRED, "permission_id" integer NOT NULL REFERENCES "auth_permission" ("id") DEFERRABLE INITIALLY DEFERRED);
CREATE UNIQUE INDEX "auth_group_permissions_group_id_permission_id_0cd325b0_uniq" ON "auth_group_permissions" ("group_id", "permission_id");
CREATE INDEX IF NOT EXISTS "auth_group_permissions_group_id_b120cbf9" ON "auth_group_permissions" ("group_id");
CREATE INDEX IF NOT EXISTS "auth_group_permissions_permission_id_84c5c92e" ON "auth_group_permissions" ("permission_id");
CREATE UNIQUE INDEX "auth_user_groups_user_id_group_id_94350c0c_uniq" ON "auth_user_groups" ("user_id", "group_id");
CREATE INDEX IF NOT EXISTS "auth_user_groups_user_id_6a12ed8b" ON "auth_user_groups" ("user_id");
CREATE INDEX IF NOT EXISTS "auth_user_groups_group_id_97559544" ON "auth_user_groups" ("group_id");
CREATE UNIQUE INDEX "auth_user_user_permissions_user_id_permission_id_14a6b632_uniq" ON "auth_user_user_permissions" ("user_id", "permission_id");
CREATE INDEX IF NOT EXISTS "auth_user_user_permissions_user_id_a95ead1b" ON "auth_user_user_permissions" ("user_id");
CREATE INDEX IF NOT EXISTS "auth_user_user_permissions_permission_id_1fbb5f2c" ON "auth_user_user_permissions" ("permission_id");
CREATE INDEX IF NOT EXISTS "django_admin_log_content_type_id_c4bce8eb" ON "django_admin_log" ("content_type_id");
CREATE INDEX IF NOT EXISTS "django_admin_log_user_id_c564eba6" ON "django_admin_log" ("user_id");
CREATE UNIQUE INDEX "django_content_type_app_label_model_76bd3d3b_uniq" ON "django_content_type" ("app_label", "model");
CREATE UNIQUE INDEX "auth_permission_content_type_id_codename_01ab375a_uniq" ON "auth_permission" ("content_type_id", "codename");
CREATE INDEX IF NOT EXISTS "auth_permission_content_type_id_2f476e4b" ON "auth_permission" ("content_type_id");
CREATE INDEX IF NOT EXISTS "django_session_expire_date_a5c62663" ON "django_session" ("expire_date");
CREATE TABLE IF NOT EXISTS "django_admin_log" ("id" integer NOT NULL PRIMARY KEY AUTOINCREMENT, "action_time" datetime NOT NULL, "object_id" text NULL, "object_repr" varchar(200) NOT NULL, "change_message" text NOT NULL, "content_type_id" integer NULL REFERENCES "django_content_type" ("id") DEFERRABLE INITIALLY DEFERRED, "user_id" integer NOT NULL REFERENCES "auth_user" ("id") DEFERRABLE INITIALLY DEFERRED, "action_flag" smallint unsigned NOT NULL CHECK ("action_flag" >= 0));
INSERT INTO "django_admin_log" VALUES(1,'2022-01-23 18:13:35.548336','1','Title: AFSANAY - Young Stunners','[{"added": {}}]',7,1,1);
INSERT INTO "django_admin_log" VALUES(2,'2022-01-23 18:15:43.126242','2','Title: Aerial Shots: Daniel Shah','[{"added": {}}]',7,1,1);
INSERT INTO "django_admin_log" VALUES(3,'2022-01-23 18:37:33.484032','3','Title: Seedhe Maut - ''NAWAZUDDIN''','[{"added": {}}]',7,1,1);
INSERT INTO "django_admin_log" VALUES(4,'2022-01-23 18:38:38.224895','4','Title: Divine','[{"added": {}}]',7,1,1);
INSERT INTO "django_admin_log" VALUES(5,'2022-01-24 07:19:57.938864','1','Web Dev Workshop','[{"added": {}}]',2,1,1);
INSERT INTO "django_admin_log" VALUES(6,'2022-01-24 13:49:20.817910','1','Title: IIM Program for this and that and vice versa','[{"added": {}}]',9,1,1);
INSERT INTO "django_admin_log" VALUES(7,'2022-01-24 13:52:28.057377','2','Title: nfrastructure Master Plan 2021','[{"added": {}}]',9,1,1);
INSERT INTO "django_admin_log" VALUES(8,'2022-01-24 19:39:23.148796','1','Title: Fellowship','[{"added": {}}]',5,1,1);
INSERT INTO "django_admin_log" VALUES(9,'2022-01-24 19:55:27.811068','1','Title: Hack 101','[{"added": {}}]',6,1,1);
INSERT INTO "django_admin_log" VALUES(10,'2022-01-24 20:09:17.379582','2','Title: Try Hack Me','[{"added": {}}]',6,1,1);
INSERT INTO "django_admin_log" VALUES(11,'2022-01-25 20:24:35.857640','3','Title: British Scholarships Without IELTS | Fully Funded','[{"added": {}}]',9,1,1);
INSERT INTO "django_admin_log" VALUES(12,'2022-01-25 20:33:17.201830','2','Title: Master Plan 2021','[{"changed": {"fields": ["Name"]}}]',9,1,2);
INSERT INTO "django_admin_log" VALUES(13,'2022-01-26 07:01:52.525011','1','Title: AFSANAY - Young Stunners','[{"changed": {"fields": ["Branch"]}}]',7,1,2);
INSERT INTO "django_admin_log" VALUES(14,'2022-01-26 11:29:12.330290','5','Title: NodeJS Development','[{"added": {}}]',7,1,1);
INSERT INTO "django_admin_log" VALUES(15,'2022-01-26 11:30:41.027458','6','Title: Full Stack Development','[{"added": {}}]',7,1,1);
INSERT INTO "django_admin_log" VALUES(16,'2022-01-26 11:36:41.810083','4','Title: British Scholarships Without IELTS | Fully Funded','[{"added": {}}]',9,1,1);
INSERT INTO "django_admin_log" VALUES(17,'2022-02-11 12:23:09.393690','7','Title: Excel Upload test1','new through import_export',7,1,1);
INSERT INTO "django_admin_log" VALUES(18,'2022-02-11 17:18:56.366028','8','Title: Internship Google','[{"added": {}}]',7,1,1);
INSERT INTO "django_admin_log" VALUES(19,'2022-02-11 17:21:59.987431','2','Title: Engineering','[{"added": {}}]',5,1,1);
INSERT INTO "django_admin_log" VALUES(20,'2022-02-13 15:29:52.311793','8','Title: Internship Google','',7,1,3);
INSERT INTO "django_admin_log" VALUES(21,'2022-02-13 15:30:11.805170','7','Title: Excel Upload test1','',7,1,3);
INSERT INTO "django_admin_log" VALUES(22,'2022-02-13 15:32:22.066414','9','Title: Excel Upload test1','new through import_export',7,1,1);
INSERT INTO "django_admin_log" VALUES(23,'2022-02-13 17:49:26.884248','10','Title: Test','[{"added": {}}]',7,1,1);
CREATE UNIQUE INDEX "auth_group_permissions_group_id_permission_id_0cd325b0_uniq" ON "auth_group_permissions" ("group_id", "permission_id");
CREATE INDEX IF NOT EXISTS "auth_group_permissions_group_id_b120cbf9" ON "auth_group_permissions" ("group_id");
CREATE INDEX IF NOT EXISTS "auth_group_permissions_permission_id_84c5c92e" ON "auth_group_permissions" ("permission_id");
CREATE UNIQUE INDEX "auth_user_groups_user_id_group_id_94350c0c_uniq" ON "auth_user_groups" ("user_id", "group_id");
CREATE INDEX IF NOT EXISTS "auth_user_groups_user_id_6a12ed8b" ON "auth_user_groups" ("user_id");
CREATE INDEX IF NOT EXISTS "auth_user_groups_group_id_97559544" ON "auth_user_groups" ("group_id");
CREATE UNIQUE INDEX "auth_user_user_permissions_user_id_permission_id_14a6b632_uniq" ON "auth_user_user_permissions" ("user_id", "permission_id");
CREATE INDEX IF NOT EXISTS "auth_user_user_permissions_user_id_a95ead1b" ON "auth_user_user_permissions" ("user_id");
CREATE INDEX IF NOT EXISTS "auth_user_user_permissions_permission_id_1fbb5f2c" ON "auth_user_user_permissions" ("permission_id");
CREATE INDEX IF NOT EXISTS "django_admin_log_content_type_id_c4bce8eb" ON "django_admin_log" ("content_type_id");
CREATE INDEX IF NOT EXISTS "django_admin_log_user_id_c564eba6" ON "django_admin_log" ("user_id");
CREATE UNIQUE INDEX "django_content_type_app_label_model_76bd3d3b_uniq" ON "django_content_type" ("app_label", "model");
CREATE UNIQUE INDEX "auth_permission_content_type_id_codename_01ab375a_uniq" ON "auth_permission" ("content_type_id", "codename");
CREATE INDEX IF NOT EXISTS "auth_permission_content_type_id_2f476e4b" ON "auth_permission" ("content_type_id");
CREATE INDEX IF NOT EXISTS "django_session_expire_date_a5c62663" ON "django_session" ("expire_date");
CREATE TABLE IF NOT EXISTS "django_content_type" ("id" integer NOT NULL PRIMARY KEY AUTOINCREMENT, "app_label" varchar(100) NOT NULL, "model" varchar(100) NOT NULL);
INSERT INTO "django_content_type" VALUES(1,'users','profile');
INSERT INTO "django_content_type" VALUES(2,'users','event');
INSERT INTO "django_content_type" VALUES(3,'page','certifications');
INSERT INTO "django_content_type" VALUES(4,'page','competetive');
INSERT INTO "django_content_type" VALUES(5,'page','fellowships');
INSERT INTO "django_content_type" VALUES(6,'page','hackathons');
INSERT INTO "django_content_type" VALUES(7,'page','internship');
INSERT INTO "django_content_type" VALUES(8,'page','member');
INSERT INTO "django_content_type" VALUES(9,'page','scolarships');
INSERT INTO "django_content_type" VALUES(10,'page','suggestions');
INSERT INTO "django_content_type" VALUES(11,'admin','logentry');
INSERT INTO "django_content_type" VALUES(12,'auth','permission');
INSERT INTO "django_content_type" VALUES(13,'auth','group');
INSERT INTO "django_content_type" VALUES(14,'auth','user');
INSERT INTO "django_content_type" VALUES(15,'contenttypes','contenttype');
INSERT INTO "django_content_type" VALUES(16,'sessions','session');
CREATE UNIQUE INDEX "auth_group_permissions_group_id_permission_id_0cd325b0_uniq" ON "auth_group_permissions" ("group_id", "permission_id");
CREATE INDEX IF NOT EXISTS "auth_group_permissions_group_id_b120cbf9" ON "auth_group_permissions" ("group_id");
CREATE INDEX IF NOT EXISTS "auth_group_permissions_permission_id_84c5c92e" ON "auth_group_permissions" ("permission_id");
CREATE UNIQUE INDEX "auth_user_groups_user_id_group_id_94350c0c_uniq" ON "auth_user_groups" ("user_id", "group_id");
CREATE INDEX IF NOT EXISTS "auth_user_groups_user_id_6a12ed8b" ON "auth_user_groups" ("user_id");
CREATE INDEX IF NOT EXISTS "auth_user_groups_group_id_97559544" ON "auth_user_groups" ("group_id");
CREATE UNIQUE INDEX "auth_user_user_permissions_user_id_permission_id_14a6b632_uniq" ON "auth_user_user_permissions" ("user_id", "permission_id");
CREATE INDEX IF NOT EXISTS "auth_user_user_permissions_user_id_a95ead1b" ON "auth_user_user_permissions" ("user_id");
CREATE INDEX IF NOT EXISTS "auth_user_user_permissions_permission_id_1fbb5f2c" ON "auth_user_user_permissions" ("permission_id");
CREATE INDEX IF NOT EXISTS "django_admin_log_content_type_id_c4bce8eb" ON "django_admin_log" ("content_type_id");
CREATE INDEX IF NOT EXISTS "django_admin_log_user_id_c564eba6" ON "django_admin_log" ("user_id");
CREATE UNIQUE INDEX "django_content_type_app_label_model_76bd3d3b_uniq" ON "django_content_type" ("app_label", "model");
CREATE UNIQUE INDEX "auth_permission_content_type_id_codename_01ab375a_uniq" ON "auth_permission" ("content_type_id", "codename");
CREATE INDEX IF NOT EXISTS "auth_permission_content_type_id_2f476e4b" ON "auth_permission" ("content_type_id");
CREATE INDEX IF NOT EXISTS "django_session_expire_date_a5c62663" ON "django_session" ("expire_date");
CREATE TABLE IF NOT EXISTS "django_migrations" ("id" integer NOT NULL PRIMARY KEY AUTOINCREMENT, "app" varchar(255) NOT NULL, "name" varchar(255) NOT NULL, "applied" datetime NOT NULL);
INSERT INTO "django_migrations" VALUES(1,'contenttypes','0001_initial','2022-01-23 17:42:20.410229');
INSERT INTO "django_migrations" VALUES(2,'auth','0001_initial','2022-01-23 17:42:20.593302');
INSERT INTO "django_migrations" VALUES(3,'admin','0001_initial','2022-01-23 17:42:20.720295');
INSERT INTO "django_migrations" VALUES(4,'admin','0002_logentry_remove_auto_add','2022-01-23 17:42:20.852296');
INSERT INTO "django_migrations" VALUES(5,'admin','0003_logentry_add_action_flag_choices','2022-01-23 17:42:21.034728');
INSERT INTO "django_migrations" VALUES(6,'contenttypes','0002_remove_content_type_name','2022-01-23 17:42:21.273358');
INSERT INTO "django_migrations" VALUES(7,'auth','0002_alter_permission_name_max_length','2022-01-23 17:42:21.458358');
INSERT INTO "django_migrations" VALUES(8,'auth','0003_alter_user_email_max_length','2022-01-23 17:42:21.549361');
INSERT INTO "django_migrations" VALUES(9,'auth','0004_alter_user_username_opts','2022-01-23 17:42:21.625364');
INSERT INTO "django_migrations" VALUES(10,'auth','0005_alter_user_last_login_null','2022-01-23 17:42:21.728360');
INSERT INTO "django_migrations" VALUES(11,'auth','0006_require_contenttypes_0002','2022-01-23 17:42:21.797364');
INSERT INTO "django_migrations" VALUES(12,'auth','0007_alter_validators_add_error_messages','2022-01-23 17:42:21.878394');
INSERT INTO "django_migrations" VALUES(13,'auth','0008_alter_user_username_max_length','2022-01-23 17:42:21.963378');
INSERT INTO "django_migrations" VALUES(14,'auth','0009_alter_user_last_name_max_length','2022-01-23 17:42:22.152399');
INSERT INTO "django_migrations" VALUES(15,'auth','0010_alter_group_name_max_length','2022-01-23 17:42:22.226155');
INSERT INTO "django_migrations" VALUES(16,'auth','0011_update_proxy_permissions','2022-01-23 17:42:22.418206');
INSERT INTO "django_migrations" VALUES(17,'auth','0012_alter_user_first_name_max_length','2022-01-23 17:42:22.605698');
INSERT INTO "django_migrations" VALUES(18,'page','0001_initial','2022-01-23 17:42:22.704700');
INSERT INTO "django_migrations" VALUES(19,'sessions','0001_initial','2022-01-23 17:42:22.850706');
INSERT INTO "django_migrations" VALUES(20,'users','0001_initial','2022-01-23 17:42:55.648435');
INSERT INTO "django_migrations" VALUES(21,'page','0002_alter_internship_branch_alter_internship_date_posted_and_more','2022-02-10 18:45:44.587692');
INSERT INTO "django_migrations" VALUES(22,'page','0003_alter_internship_date_posted','2022-02-10 18:45:44.928624');
INSERT INTO "django_migrations" VALUES(23,'page','0004_alter_internship_date_posted','2022-02-10 18:45:45.364140');
INSERT INTO "django_migrations" VALUES(24,'page','0005_alter_internship_date_posted','2022-02-10 18:45:45.728820');
INSERT INTO "django_migrations" VALUES(25,'page','0006_alter_internship_date_posted','2022-02-11 12:21:17.840749');
INSERT INTO "django_migrations" VALUES(26,'page','0007_alter_certifications_date_posted_and_more','2022-02-13 18:44:15.657004');
CREATE UNIQUE INDEX "auth_group_permissions_group_id_permission_id_0cd325b0_uniq" ON "auth_group_permissions" ("group_id", "permission_id");
CREATE INDEX IF NOT EXISTS "auth_group_permissions_group_id_b120cbf9" ON "auth_group_permissions" ("group_id");
CREATE INDEX IF NOT EXISTS "auth_group_permissions_permission_id_84c5c92e" ON "auth_group_permissions" ("permission_id");
CREATE UNIQUE INDEX "auth_user_groups_user_id_group_id_94350c0c_uniq" ON "auth_user_groups" ("user_id", "group_id");
CREATE INDEX IF NOT EXISTS "auth_user_groups_user_id_6a12ed8b" ON "auth_user_groups" ("user_id");
CREATE INDEX IF NOT EXISTS "auth_user_groups_group_id_97559544" ON "auth_user_groups" ("group_id");
CREATE UNIQUE INDEX "auth_user_user_permissions_user_id_permission_id_14a6b632_uniq" ON "auth_user_user_permissions" ("user_id", "permission_id");
CREATE INDEX IF NOT EXISTS "auth_user_user_permissions_user_id_a95ead1b" ON "auth_user_user_permissions" ("user_id");
CREATE INDEX IF NOT EXISTS "auth_user_user_permissions_permission_id_1fbb5f2c" ON "auth_user_user_permissions" ("permission_id");
CREATE INDEX IF NOT EXISTS "django_admin_log_content_type_id_c4bce8eb" ON "django_admin_log" ("content_type_id");
CREATE INDEX IF NOT EXISTS "django_admin_log_user_id_c564eba6" ON "django_admin_log" ("user_id");
CREATE UNIQUE INDEX "django_content_type_app_label_model_76bd3d3b_uniq" ON "django_content_type" ("app_label", "model");
CREATE UNIQUE INDEX "auth_permission_content_type_id_codename_01ab375a_uniq" ON "auth_permission" ("content_type_id", "codename");
CREATE INDEX IF NOT EXISTS "auth_permission_content_type_id_2f476e4b" ON "auth_permission" ("content_type_id");
CREATE INDEX IF NOT EXISTS "django_session_expire_date_a5c62663" ON "django_session" ("expire_date");
CREATE TABLE IF NOT EXISTS "django_session" ("session_key" varchar(40) NOT NULL PRIMARY KEY, "session_data" text NOT NULL, "expire_date" datetime NOT NULL);
INSERT INTO "django_session" VALUES('0ao89pqzrwf7bp0e2q5fftjhtiaj6pfw','.eJxVjDsOwjAQBe_iGll2_A0lPWewdtdrHECOFCcV4u4QKQW0b2beSyTY1pq2zkuasjgLLU6_GwI9uO0g36HdZklzW5cJ5a7Ig3Z5nTM_L4f7d1Ch12_tx2yh-MijQ6WUHUIeTFRkDBKTV2xCtAioSbuoGYiKcli8KQSMNoj3B-HfOH8:1nBgvf:1K6hUsHEK8hbErG9vT2p4dSflSdn764XFvmW-fnT6uI','2022-02-06 17:45:27.060356');
INSERT INTO "django_session" VALUES('ujefohgmoyhf59020wvyl6f59h5hjp6r','.eJxVjDsOwjAQBe_iGll2_A0lPWewdtdrHECOFCcV4u4QKQW0b2beSyTY1pq2zkuasjgLLU6_GwI9uO0g36HdZklzW5cJ5a7Ig3Z5nTM_L4f7d1Ch12_tx2yh-MijQ6WUHUIeTFRkDBKTV2xCtAioSbuoGYiKcli8KQSMNoj3B-HfOH8:1nBhJj:quzPMLMoLcnapvcyJs3cRvbyZ7VEPV--3v5Z-tNEBtw','2022-02-06 18:10:19.856552');
INSERT INTO "django_session" VALUES('vmomea76r21dlstr838mnlfk9fi6ifq2','.eJxVjDsOwjAQBe_iGll2_A0lPWewdtdrHECOFCcV4u4QKQW0b2beSyTY1pq2zkuasjgLLU6_GwI9uO0g36HdZklzW5cJ5a7Ig3Z5nTM_L4f7d1Ch12_tx2yh-MijQ6WUHUIeTFRkDBKTV2xCtAioSbuoGYiKcli8KQSMNoj3B-HfOH8:1nHiU7:sTrPMJzvcQ_EB0ZnsFuBbUe-u8zCejSaGZdLQxHGH2Q','2022-02-23 08:37:55.218562');
INSERT INTO "django_session" VALUES('8vkivmso2tngebgnn1eu3ymjabltib72','.eJxVjDsOwjAQBe_iGll2_A0lPWewdtdrHECOFCcV4u4QKQW0b2beSyTY1pq2zkuasjgLLU6_GwI9uO0g36HdZklzW5cJ5a7Ig3Z5nTM_L4f7d1Ch12_tx2yh-MijQ6WUHUIeTFRkDBKTV2xCtAioSbuoGYiKcli8KQSMNoj3B-HfOH8:1nIEST:DWeJsQJP1s5kUBLxr7XfOycnoz72mptN4XRuw_GY0ec','2022-02-24 18:46:21.059274');
INSERT INTO "django_session" VALUES('9mlsjb9xzl1fonv53eirpe1g4p0u488n','.eJxVjDsOwjAQBe_iGll2_A0lPWewdtdrHECOFCcV4u4QKQW0b2beSyTY1pq2zkuasjgLLU6_GwI9uO0g36HdZklzW5cJ5a7Ig3Z5nTM_L4f7d1Ch12_tx2yh-MijQ6WUHUIeTFRkDBKTV2xCtAioSbuoGYiKcli8KQSMNoj3B-HfOH8:1nJGfC:TFCAVcbLN2i3P3ZLUzPQiTQ77T2_zlGekB0jMKFUXy0','2022-02-27 15:19:46.238278');
INSERT INTO "django_session" VALUES('adrphwauhuig5wbtedq7y803dymb4dmm','.eJxVjDsOwjAQBe_iGll2_A0lPWewdtdrHECOFCcV4u4QKQW0b2beSyTY1pq2zkuasjgLLU6_GwI9uO0g36HdZklzW5cJ5a7Ig3Z5nTM_L4f7d1Ch12_tx2yh-MijQ6WUHUIeTFRkDBKTV2xCtAioSbuoGYiKcli8KQSMNoj3B-HfOH8:1nPclZ:oe2hSVoTL07usKcU0G0Ch4mceKcPR6B21zoJujhkNeQ','2022-03-17 04:08:37.082842');
CREATE UNIQUE INDEX "auth_group_permissions_group_id_permission_id_0cd325b0_uniq" ON "auth_group_permissions" ("group_id", "permission_id");
CREATE INDEX IF NOT EXISTS "auth_group_permissions_group_id_b120cbf9" ON "auth_group_permissions" ("group_id");
CREATE INDEX IF NOT EXISTS "auth_group_permissions_permission_id_84c5c92e" ON "auth_group_permissions" ("permission_id");
CREATE UNIQUE INDEX "auth_user_groups_user_id_group_id_94350c0c_uniq" ON "auth_user_groups" ("user_id", "group_id");
CREATE INDEX IF NOT EXISTS "auth_user_groups_user_id_6a12ed8b" ON "auth_user_groups" ("user_id");
CREATE INDEX IF NOT EXISTS "auth_user_groups_group_id_97559544" ON "auth_user_groups" ("group_id");
CREATE UNIQUE INDEX "auth_user_user_permissions_user_id_permission_id_14a6b632_uniq" ON "auth_user_user_permissions" ("user_id", "permission_id");
CREATE INDEX IF NOT EXISTS "auth_user_user_permissions_user_id_a95ead1b" ON "auth_user_user_permissions" ("user_id");
CREATE INDEX IF NOT EXISTS "auth_user_user_permissions_permission_id_1fbb5f2c" ON "auth_user_user_permissions" ("permission_id");
CREATE INDEX IF NOT EXISTS "django_admin_log_content_type_id_c4bce8eb" ON "django_admin_log" ("content_type_id");
CREATE INDEX IF NOT EXISTS "django_admin_log_user_id_c564eba6" ON "django_admin_log" ("user_id");
CREATE UNIQUE INDEX "django_content_type_app_label_model_76bd3d3b_uniq" ON "django_content_type" ("app_label", "model");
CREATE UNIQUE INDEX "auth_permission_content_type_id_codename_01ab375a_uniq" ON "auth_permission" ("content_type_id", "codename");
CREATE INDEX IF NOT EXISTS "auth_permission_content_type_id_2f476e4b" ON "auth_permission" ("content_type_id");
CREATE INDEX IF NOT EXISTS "django_session_expire_date_a5c62663" ON "django_session" ("expire_date");
CREATE TABLE IF NOT EXISTS "page_certifications" ("id" integer NOT NULL PRIMARY KEY AUTOINCREMENT, "name" varchar(100) NOT NULL, "description" text NOT NULL, "cost" varchar(10) NOT NULL, "requirements" varchar(50) NOT NULL, "referral_link" varchar(150) NOT NULL, "date_posted" datetime NOT NULL);
CREATE UNIQUE INDEX "auth_group_permissions_group_id_permission_id_0cd325b0_uniq" ON "auth_group_permissions" ("group_id", "permission_id");
CREATE INDEX IF NOT EXISTS "auth_group_permissions_group_id_b120cbf9" ON "auth_group_permissions" ("group_id");
CREATE INDEX IF NOT EXISTS "auth_group_permissions_permission_id_84c5c92e" ON "auth_group_permissions" ("permission_id");
CREATE UNIQUE INDEX "auth_user_groups_user_id_group_id_94350c0c_uniq" ON "auth_user_groups" ("user_id", "group_id");
CREATE INDEX IF NOT EXISTS "auth_user_groups_user_id_6a12ed8b" ON "auth_user_groups" ("user_id");
CREATE INDEX IF NOT EXISTS "auth_user_groups_group_id_97559544" ON "auth_user_groups" ("group_id");
CREATE UNIQUE INDEX "auth_user_user_permissions_user_id_permission_id_14a6b632_uniq" ON "auth_user_user_permissions" ("user_id", "permission_id");
CREATE INDEX IF NOT EXISTS "auth_user_user_permissions_user_id_a95ead1b" ON "auth_user_user_permissions" ("user_id");
CREATE INDEX IF NOT EXISTS "auth_user_user_permissions_permission_id_1fbb5f2c" ON "auth_user_user_permissions" ("permission_id");
CREATE INDEX IF NOT EXISTS "django_admin_log_content_type_id_c4bce8eb" ON "django_admin_log" ("content_type_id");
CREATE INDEX IF NOT EXISTS "django_admin_log_user_id_c564eba6" ON "django_admin_log" ("user_id");
CREATE UNIQUE INDEX "django_content_type_app_label_model_76bd3d3b_uniq" ON "django_content_type" ("app_label", "model");
CREATE UNIQUE INDEX "auth_permission_content_type_id_codename_01ab375a_uniq" ON "auth_permission" ("content_type_id", "codename");
CREATE INDEX IF NOT EXISTS "auth_permission_content_type_id_2f476e4b" ON "auth_permission" ("content_type_id");
CREATE INDEX IF NOT EXISTS "django_session_expire_date_a5c62663" ON "django_session" ("expire_date");
CREATE TABLE IF NOT EXISTS "page_competetive" ("id" integer NOT NULL PRIMARY KEY AUTOINCREMENT);
CREATE UNIQUE INDEX "auth_group_permissions_group_id_permission_id_0cd325b0_uniq" ON "auth_group_permissions" ("group_id", "permission_id");
CREATE INDEX IF NOT EXISTS "auth_group_permissions_group_id_b120cbf9" ON "auth_group_permissions" ("group_id");
CREATE INDEX IF NOT EXISTS "auth_group_permissions_permission_id_84c5c92e" ON "auth_group_permissions" ("permission_id");
CREATE UNIQUE INDEX "auth_user_groups_user_id_group_id_94350c0c_uniq" ON "auth_user_groups" ("user_id", "group_id");
CREATE INDEX IF NOT EXISTS "auth_user_groups_user_id_6a12ed8b" ON "auth_user_groups" ("user_id");
CREATE INDEX IF NOT EXISTS "auth_user_groups_group_id_97559544" ON "auth_user_groups" ("group_id");
CREATE UNIQUE INDEX "auth_user_user_permissions_user_id_permission_id_14a6b632_uniq" ON "auth_user_user_permissions" ("user_id", "permission_id");
CREATE INDEX IF NOT EXISTS "auth_user_user_permissions_user_id_a95ead1b" ON "auth_user_user_permissions" ("user_id");
CREATE INDEX IF NOT EXISTS "auth_user_user_permissions_permission_id_1fbb5f2c" ON "auth_user_user_permissions" ("permission_id");
CREATE INDEX IF NOT EXISTS "django_admin_log_content_type_id_c4bce8eb" ON "django_admin_log" ("content_type_id");
CREATE INDEX IF NOT EXISTS "django_admin_log_user_id_c564eba6" ON "django_admin_log" ("user_id");
CREATE UNIQUE INDEX "django_content_type_app_label_model_76bd3d3b_uniq" ON "django_content_type" ("app_label", "model");
CREATE UNIQUE INDEX "auth_permission_content_type_id_codename_01ab375a_uniq" ON "auth_permission" ("content_type_id", "codename");
CREATE INDEX IF NOT EXISTS "auth_permission_content_type_id_2f476e4b" ON "auth_permission" ("content_type_id");
CREATE INDEX IF NOT EXISTS "django_session_expire_date_a5c62663" ON "django_session" ("expire_date");
CREATE TABLE IF NOT EXISTS "page_fellowships" ("id" integer NOT NULL PRIMARY KEY AUTOINCREMENT, "name" varchar(150) NOT NULL, "description" text NOT NULL, "duration" varchar(35) NOT NULL, "eligibility" text NOT NULL, "location_and_format" varchar(100) NOT NULL, "university_organization" varchar(100) NULL, "funding" varchar(10) NULL, "benifits" text NOT NULL, "date_of_expiry" date NOT NULL, "date_posted" datetime NOT NULL, "referral_link" varchar(150) NOT NULL, "link_to_apply" varchar(150) NOT NULL);
INSERT INTO "page_fellowships" VALUES(1,'Fellowship','a fellow in a ship , No not life of pie  a fellow in a ship , No not life of pie  a fellow in a ship , No not life of pie  a fellow in a ship , No not life of pie  a fellow in a ship , No not life of pie  a fellow in a ship , No not life of pie  a fellow in a ship , No not life of pie  a fellow in a ship , No not life of pie','2mins','B.tech/A.tech/C.tech/D.tech/why.tech','Sri Lanks','HardWard','zero','free AC and WIFI free AC and WIFI free AC and WIFI free AC and WIFI free AC and WIFI free AC and WIFI free AC and WIFI','2022-01-31','2022-01-24 19:36:44','www.google.com','www.google.com');
INSERT INTO "page_fellowships" VALUES(2,'Engineering','Engineering Engineering Engineering Engineering Engineering Engineering Engineering Engineering Engineering Engineering Engineering Engineering Engineering','Mid June, 2022','Engineering Engineering','New Delhi','test','Rs 20,000','Engineering Engineering Engineering Engineering 
Engineering Engineering Engineering Engineering Engineering Engineering Engineering','2022-02-11','2022-02-11 17:21:02','www.google.com','www.google.com');
CREATE UNIQUE INDEX "auth_group_permissions_group_id_permission_id_0cd325b0_uniq" ON "auth_group_permissions" ("group_id", "permission_id");
CREATE INDEX IF NOT EXISTS "auth_group_permissions_group_id_b120cbf9" ON "auth_group_permissions" ("group_id");
CREATE INDEX IF NOT EXISTS "auth_group_permissions_permission_id_84c5c92e" ON "auth_group_permissions" ("permission_id");
CREATE UNIQUE INDEX "auth_user_groups_user_id_group_id_94350c0c_uniq" ON "auth_user_groups" ("user_id", "group_id");
CREATE INDEX IF NOT EXISTS "auth_user_groups_user_id_6a12ed8b" ON "auth_user_groups" ("user_id");
CREATE INDEX IF NOT EXISTS "auth_user_groups_group_id_97559544" ON "auth_user_groups" ("group_id");
CREATE UNIQUE INDEX "auth_user_user_permissions_user_id_permission_id_14a6b632_uniq" ON "auth_user_user_permissions" ("user_id", "permission_id");
CREATE INDEX IF NOT EXISTS "auth_user_user_permissions_user_id_a95ead1b" ON "auth_user_user_permissions" ("user_id");
CREATE INDEX IF NOT EXISTS "auth_user_user_permissions_permission_id_1fbb5f2c" ON "auth_user_user_permissions" ("permission_id");
CREATE INDEX IF NOT EXISTS "django_admin_log_content_type_id_c4bce8eb" ON "django_admin_log" ("content_type_id");
CREATE INDEX IF NOT EXISTS "django_admin_log_user_id_c564eba6" ON "django_admin_log" ("user_id");
CREATE UNIQUE INDEX "django_content_type_app_label_model_76bd3d3b_uniq" ON "django_content_type" ("app_label", "model");
CREATE UNIQUE INDEX "auth_permission_content_type_id_codename_01ab375a_uniq" ON "auth_permission" ("content_type_id", "codename");
CREATE INDEX IF NOT EXISTS "auth_permission_content_type_id_2f476e4b" ON "auth_permission" ("content_type_id");
CREATE INDEX IF NOT EXISTS "django_session_expire_date_a5c62663" ON "django_session" ("expire_date");
CREATE TABLE IF NOT EXISTS "page_hackathons" ("id" integer NOT NULL PRIMARY KEY AUTOINCREMENT, "name" varchar(50) NOT NULL, "hosted_by" varchar(50) NOT NULL, "eligibility" text NOT NULL, "start_date" date NOT NULL, "end_date" date NOT NULL, "topics" varchar(150) NOT NULL, "format" varchar(50) NOT NULL, "prize_money_description" text NOT NULL, "link_to_apply" varchar(150) NOT NULL, "date_posted" datetime NOT NULL);
INSERT INTO "page_hackathons" VALUES(1,'Hack 101','GDSC','I,II,III Year Students','2022-01-24','2022-01-27','Web3.0','IDK','2Rs If you win 
50,000 fine if you loose','www.google.com','2022-01-24 19:53:59');
INSERT INTO "page_hackathons" VALUES(2,'Try Hack Me','CSI','3rd Year B.tech CSE','2022-01-24','2022-01-29','Penitration Testing','Again IDK','1$ If you win.
69,000 fine If you lose.','www.google.com','2022-01-24 20:07:22');
CREATE UNIQUE INDEX "auth_group_permissions_group_id_permission_id_0cd325b0_uniq" ON "auth_group_permissions" ("group_id", "permission_id");
CREATE INDEX IF NOT EXISTS "auth_group_permissions_group_id_b120cbf9" ON "auth_group_permissions" ("group_id");
CREATE INDEX IF NOT EXISTS "auth_group_permissions_permission_id_84c5c92e" ON "auth_group_permissions" ("permission_id");
CREATE UNIQUE INDEX "auth_user_groups_user_id_group_id_94350c0c_uniq" ON "auth_user_groups" ("user_id", "group_id");
CREATE INDEX IF NOT EXISTS "auth_user_groups_user_id_6a12ed8b" ON "auth_user_groups" ("user_id");
CREATE INDEX IF NOT EXISTS "auth_user_groups_group_id_97559544" ON "auth_user_groups" ("group_id");
CREATE UNIQUE INDEX "auth_user_user_permissions_user_id_permission_id_14a6b632_uniq" ON "auth_user_user_permissions" ("user_id", "permission_id");
CREATE INDEX IF NOT EXISTS "auth_user_user_permissions_user_id_a95ead1b" ON "auth_user_user_permissions" ("user_id");
CREATE INDEX IF NOT EXISTS "auth_user_user_permissions_permission_id_1fbb5f2c" ON "auth_user_user_permissions" ("permission_id");
CREATE INDEX IF NOT EXISTS "django_admin_log_content_type_id_c4bce8eb" ON "django_admin_log" ("content_type_id");
CREATE INDEX IF NOT EXISTS "django_admin_log_user_id_c564eba6" ON "django_admin_log" ("user_id");
CREATE UNIQUE INDEX "django_content_type_app_label_model_76bd3d3b_uniq" ON "django_content_type" ("app_label", "model");
CREATE UNIQUE INDEX "auth_permission_content_type_id_codename_01ab375a_uniq" ON "auth_permission" ("content_type_id", "codename");
CREATE INDEX IF NOT EXISTS "auth_permission_content_type_id_2f476e4b" ON "auth_permission" ("content_type_id");
CREATE INDEX IF NOT EXISTS "django_session_expire_date_a5c62663" ON "django_session" ("expire_date");
CREATE TABLE IF NOT EXISTS "page_internship" ("id" integer NOT NULL PRIMARY KEY AUTOINCREMENT, "title" varchar(75) NOT NULL, "comapny_org" varchar(150) NOT NULL, "role" varchar(50) NOT NULL, "format" varchar(50) NOT NULL, "description" text NOT NULL, "registration_open" date NOT NULL, "registration_close" date NOT NULL, "eligibility" text NOT NULL, "referral_link" varchar(100) NOT NULL, "branch" varchar(50) NOT NULL, "date_posted" datetime NOT NULL);
INSERT INTO "page_internship" VALUES(1,'AFSANAY - Young Stunners','Talhah Yunus','Software Engineering','IDK','Written and Performed by Talhah Yunus & Talha Anjum
Music Produced, Mixed & Mastered by Jokhay 
Directed & Produced by Abdul Wali Baloch
Co Directed by Mahad Ali Sajid & Talhah Yunus
DOP/Edit/VFX/Colorist: Mahad Ali Sajid','2022-01-23','2022-01-12','B.Tech/B.Tech/B.Tech/B.Tech/B.Tech/B.Tech/B.Tech/','https://www.youtube.com/watch?v=ijE2MMtzkHg&list=TLPQMjMwMTIwMjKbsy1gV2LKJw&index=2&ab_channel=Young','Management','2022-01-23 18:11:07');
INSERT INTO "page_internship" VALUES(2,'Aerial Shots: Daniel Shah','Line Producer Spell: Hassaan Khan','Hair & Makeup: Saqib Shehba','Wardrobe Stylist: Syeda Mayra Jaffri','Directed & Produced by Abdul Wali Baloch
Co Directed by Mahad Ali Sajid & Talhah Yunus
DOP/Edit/VFX/Colorist: Mahad Ali Sajid
Cast: Talha Anjum, Talhah Yunus, Syeda Mayra Jaffri, Naveed Majid & Ayesha Naveed
Assistant Director: Muhammad Saad Naseem
Assistant Director & BTS: Hassam Anwar','2022-01-23','2022-01-10','B.tech/B.tech/B.tech/B.tech/B.tech/B.tech/B.tech/','www.google.com','Engineering','2022-01-23 18:14:46');
INSERT INTO "page_internship" VALUES(3,'Seedhe Maut - ''NAWAZUDDIN''','Azadi Records','Director','Azadi Records','The story of Nawazuddin is one that instills hope, ambition, and determination in every young Indian that dares to dream beyond the boundaries that society tries to place upon him or her. The track follows the narrative thread of an artist''s steadfast belief in their talent and how, despite all the odds stacked against them, the world finally submits to their genius and craft.','2022-01-23','2022-01-20','All Rights Reserved 2021 - Azadi Records/All Rights Reserved 2021 - Azadi Records/All Rights Reserved 2021 - Azadi Records/','www.google.com','Engineering','2022-01-23 18:36:11');
INSERT INTO "page_internship" VALUES(4,'Divine','Mass Appeal','Rapper','Rap','The story of Nawazuddin is one that instills hope, ambition, and determination in every young Indian that dares to dream beyond the boundaries that society tries to place upon him or her. The track follows the narrative thread of an artist''s steadfast belief in their talent and how, despite all the odds stacked against them, the world finally submits to their genius and craft.

Music Credits 
Written & Performed by Seedhe Maut
Produced by Hurricane
Mixed & Mastered by Bharg Kale
Label: Azadi Records','2022-01-23','2022-01-21','Azadi Records/Azadi Records/Azadi Records/Azadi Records/Azadi Records/Azadi Records/Azadi Records/','www.google.com','Engineering','2022-01-23 18:37:35');
INSERT INTO "page_internship" VALUES(5,'NodeJS Development','Think201 Creative Studio','Engineer','Work From Home','Let''s start to gain a good insight into how the industry works already." Exams, Certifications, and Hackathons for you to use on any project, Events to help you learn more about designing and developing.','2022-01-26','2022-01-20','B.tech/B.tech/B.tech/B.tech/B.tech/B.tech/B.tech/','www.google.com','Engineering','2022-01-26 11:26:27');
INSERT INTO "page_internship" VALUES(6,'Full Stack Development','Jaza Software','Watchmen','Office','Let''s start to gain a good insight into how the industry works already." Exams, Certifications, and Hackathons for you to use on any project, Events to help you learn more about designing and developing','2022-01-26','2022-01-27','B.tech/B.tech/B.tech/B.tech/B.tech/B.tech/B.tech/','www.google.com','Management','2022-01-26 11:29:27');
INSERT INTO "page_internship" VALUES(9,'Excel Upload test1','Apple Inc','Ml Engineer/ NLP engineer','offline','Apple Ml engineer Apple Ml engineer ','2022-02-10','2022-02-10','BA/MA/MBBS','www.google.com','Engineering','2022-02-13 15:32:21.583145');
INSERT INTO "page_internship" VALUES(10,'Test','test','test','tesr','testt','2022-02-13','2022-02-13','test','test','Humanities and Social Sciences','2022-02-13 17:49:26.875972');
CREATE UNIQUE INDEX "auth_group_permissions_group_id_permission_id_0cd325b0_uniq" ON "auth_group_permissions" ("group_id", "permission_id");
CREATE INDEX IF NOT EXISTS "auth_group_permissions_group_id_b120cbf9" ON "auth_group_permissions" ("group_id");
CREATE INDEX IF NOT EXISTS "auth_group_permissions_permission_id_84c5c92e" ON "auth_group_permissions" ("permission_id");
CREATE UNIQUE INDEX "auth_user_groups_user_id_group_id_94350c0c_uniq" ON "auth_user_groups" ("user_id", "group_id");
CREATE INDEX IF NOT EXISTS "auth_user_groups_user_id_6a12ed8b" ON "auth_user_groups" ("user_id");
CREATE INDEX IF NOT EXISTS "auth_user_groups_group_id_97559544" ON "auth_user_groups" ("group_id");
CREATE UNIQUE INDEX "auth_user_user_permissions_user_id_permission_id_14a6b632_uniq" ON "auth_user_user_permissions" ("user_id", "permission_id");
CREATE INDEX IF NOT EXISTS "auth_user_user_permissions_user_id_a95ead1b" ON "auth_user_user_permissions" ("user_id");
CREATE INDEX IF NOT EXISTS "auth_user_user_permissions_permission_id_1fbb5f2c" ON "auth_user_user_permissions" ("permission_id");
CREATE INDEX IF NOT EXISTS "django_admin_log_content_type_id_c4bce8eb" ON "django_admin_log" ("content_type_id");
CREATE INDEX IF NOT EXISTS "django_admin_log_user_id_c564eba6" ON "django_admin_log" ("user_id");
CREATE UNIQUE INDEX "django_content_type_app_label_model_76bd3d3b_uniq" ON "django_content_type" ("app_label", "model");
CREATE UNIQUE INDEX "auth_permission_content_type_id_codename_01ab375a_uniq" ON "auth_permission" ("content_type_id", "codename");
CREATE INDEX IF NOT EXISTS "auth_permission_content_type_id_2f476e4b" ON "auth_permission" ("content_type_id");
CREATE INDEX IF NOT EXISTS "django_session_expire_date_a5c62663" ON "django_session" ("expire_date");
CREATE TABLE IF NOT EXISTS "page_member" ("id" integer NOT NULL PRIMARY KEY AUTOINCREMENT, "name" varchar(50) NOT NULL, "domain" varchar(70) NOT NULL, "description" text NOT NULL, "image" varchar(100) NULL, "email" varchar(254) NOT NULL, "linked_in" varchar(150) NOT NULL, "instagram" varchar(150) NOT NULL);
CREATE UNIQUE INDEX "auth_group_permissions_group_id_permission_id_0cd325b0_uniq" ON "auth_group_permissions" ("group_id", "permission_id");
CREATE INDEX IF NOT EXISTS "auth_group_permissions_group_id_b120cbf9" ON "auth_group_permissions" ("group_id");
CREATE INDEX IF NOT EXISTS "auth_group_permissions_permission_id_84c5c92e" ON "auth_group_permissions" ("permission_id");
CREATE UNIQUE INDEX "auth_user_groups_user_id_group_id_94350c0c_uniq" ON "auth_user_groups" ("user_id", "group_id");
CREATE INDEX IF NOT EXISTS "auth_user_groups_user_id_6a12ed8b" ON "auth_user_groups" ("user_id");
CREATE INDEX IF NOT EXISTS "auth_user_groups_group_id_97559544" ON "auth_user_groups" ("group_id");
CREATE UNIQUE INDEX "auth_user_user_permissions_user_id_permission_id_14a6b632_uniq" ON "auth_user_user_permissions" ("user_id", "permission_id");
CREATE INDEX IF NOT EXISTS "auth_user_user_permissions_user_id_a95ead1b" ON "auth_user_user_permissions" ("user_id");
CREATE INDEX IF NOT EXISTS "auth_user_user_permissions_permission_id_1fbb5f2c" ON "auth_user_user_permissions" ("permission_id");
CREATE INDEX IF NOT EXISTS "django_admin_log_content_type_id_c4bce8eb" ON "django_admin_log" ("content_type_id");
CREATE INDEX IF NOT EXISTS "django_admin_log_user_id_c564eba6" ON "django_admin_log" ("user_id");
CREATE UNIQUE INDEX "django_content_type_app_label_model_76bd3d3b_uniq" ON "django_content_type" ("app_label", "model");
CREATE UNIQUE INDEX "auth_permission_content_type_id_codename_01ab375a_uniq" ON "auth_permission" ("content_type_id", "codename");
CREATE INDEX IF NOT EXISTS "auth_permission_content_type_id_2f476e4b" ON "auth_permission" ("content_type_id");
CREATE INDEX IF NOT EXISTS "django_session_expire_date_a5c62663" ON "django_session" ("expire_date");
CREATE TABLE IF NOT EXISTS "page_scolarships" ("id" integer NOT NULL PRIMARY KEY AUTOINCREMENT, "name" varchar(150) NOT NULL, "eligibility" varchar(150) NOT NULL, "description" text NOT NULL, "university_organization" varchar(100) NULL, "stipend" varchar(80) NOT NULL, "duration" varchar(80) NOT NULL, "end_date" date NOT NULL, "country" varchar(50) NOT NULL, "referral_link" varchar(150) NULL, "link_to_apply" varchar(150) NOT NULL, "date_posted" datetime NOT NULL, "branch" varchar(50) NOT NULL);
INSERT INTO "page_scolarships" VALUES(1,'IIM Program for this and that and vice versa','B.tech/B.arch/B.someting/B.B.ki Vines','IIM Ahmedabad Research Associateship in Logistics Infrastructure Master Plan 2021 is a research opportunity offered to masters degree holders. The selected fellow will receive compensation that will be commensurate with the qualification and experience.','IIM Ahmedabad Research Associateship in Logistics','69','69weeks','2022-01-29','India','https://www.buddy4study.com/scholarship/iim-ahmedabad-research-associateship-in-logistics-infrastructure-master-plan','https://www.buddy4study.com/scholarship/iim-ahmedabad-research-associateship-in-logistics-infrastructure-master-plan','2022-01-24 12:23:31','Engineering');
INSERT INTO "page_scolarships" VALUES(2,'Master Plan 2021','Master degree holders','IM Ahmedabad Research Associateship in Logistics Infrastructure Master Plan 2021 is a research opportunity offered to masters degree holders. The selected fellow will receive compensation that will be commensurate with the qualification and experience.','Research Associateship','2 Rs','2 Minutes','2022-01-27','Pakisthan','www.google.com','www.google.com','2022-01-24 13:50:02','Management');
INSERT INTO "page_scolarships" VALUES(3,'British Scholarships Without IELTS | Fully Funded','Bachelors, Masters, PhD','British higher education providers are recognized internationally. With so many World Class Degrees on offer in the UK. You will be able to study in Top Reputated UK Universities. You will find Scholarships for Bachelors, Masters, and Ph.D. levels. Students from all around the world are eligible. If you are interested in this opportunity you should take a chance.
Applicants can apply without IELTS in the following UK Universities. A diverse and wide range of Academic Fields and majors are available for the applicants to apply from. The UK Universities offer over 50,000 Degree Programs. Note that there is No Application Fee Charged. In this post, we will you about the List of Fully Funded British Scholarships Without IELTS, List of UK Universities without IELTS, How You can Study in the UK Without IELTS. Please read the full post below.','Greenwich','500$','6 Months','2022-01-25','United Kingdom','http://localhost:8000/scholarships/','http://localhost:8000/scholarships/','2022-01-25 20:22:22','Management');
INSERT INTO "page_scolarships" VALUES(4,'British Scholarships Without IELTS | Fully Funded','Bachelors, Masters, PhD','IIM Ahmedabad Research Associateship in Logistics Infrastructure Master Plan 2021 is a research opportunity offered to masters degree holders. The selected fellow will receive compensation that will be commensurate with the qualification and experience.','Management','500$','6 Months','2022-01-19','United Kingdom','http://localhost:8000/scholarships/','http://localhost:8000/scholarships/','2022-01-26 11:34:30','Engineering');
CREATE UNIQUE INDEX "auth_group_permissions_group_id_permission_id_0cd325b0_uniq" ON "auth_group_permissions" ("group_id", "permission_id");
CREATE INDEX IF NOT EXISTS "auth_group_permissions_group_id_b120cbf9" ON "auth_group_permissions" ("group_id");
CREATE INDEX IF NOT EXISTS "auth_group_permissions_permission_id_84c5c92e" ON "auth_group_permissions" ("permission_id");
CREATE UNIQUE INDEX "auth_user_groups_user_id_group_id_94350c0c_uniq" ON "auth_user_groups" ("user_id", "group_id");
CREATE INDEX IF NOT EXISTS "auth_user_groups_user_id_6a12ed8b" ON "auth_user_groups" ("user_id");
CREATE INDEX IF NOT EXISTS "auth_user_groups_group_id_97559544" ON "auth_user_groups" ("group_id");
CREATE UNIQUE INDEX "auth_user_user_permissions_user_id_permission_id_14a6b632_uniq" ON "auth_user_user_permissions" ("user_id", "permission_id");
CREATE INDEX IF NOT EXISTS "auth_user_user_permissions_user_id_a95ead1b" ON "auth_user_user_permissions" ("user_id");
CREATE INDEX IF NOT EXISTS "auth_user_user_permissions_permission_id_1fbb5f2c" ON "auth_user_user_permissions" ("permission_id");
CREATE INDEX IF NOT EXISTS "django_admin_log_content_type_id_c4bce8eb" ON "django_admin_log" ("content_type_id");
CREATE INDEX IF NOT EXISTS "django_admin_log_user_id_c564eba6" ON "django_admin_log" ("user_id");
CREATE UNIQUE INDEX "django_content_type_app_label_model_76bd3d3b_uniq" ON "django_content_type" ("app_label", "model");
CREATE UNIQUE INDEX "auth_permission_content_type_id_codename_01ab375a_uniq" ON "auth_permission" ("content_type_id", "codename");
CREATE INDEX IF NOT EXISTS "auth_permission_content_type_id_2f476e4b" ON "auth_permission" ("content_type_id");
CREATE INDEX IF NOT EXISTS "django_session_expire_date_a5c62663" ON "django_session" ("expire_date");
CREATE TABLE IF NOT EXISTS "page_suggestions" ("id" integer NOT NULL PRIMARY KEY AUTOINCREMENT, "user_name" varchar(50) NOT NULL, "description" text NOT NULL);
INSERT INTO "page_suggestions" VALUES(1,'Dheeraj','ill like your website to be more responsive');
CREATE UNIQUE INDEX "auth_group_permissions_group_id_permission_id_0cd325b0_uniq" ON "auth_group_permissions" ("group_id", "permission_id");
CREATE INDEX IF NOT EXISTS "auth_group_permissions_group_id_b120cbf9" ON "auth_group_permissions" ("group_id");
CREATE INDEX IF NOT EXISTS "auth_group_permissions_permission_id_84c5c92e" ON "auth_group_permissions" ("permission_id");
CREATE UNIQUE INDEX "auth_user_groups_user_id_group_id_94350c0c_uniq" ON "auth_user_groups" ("user_id", "group_id");
CREATE INDEX IF NOT EXISTS "auth_user_groups_user_id_6a12ed8b" ON "auth_user_groups" ("user_id");
CREATE INDEX IF NOT EXISTS "auth_user_groups_group_id_97559544" ON "auth_user_groups" ("group_id");
CREATE UNIQUE INDEX "auth_user_user_permissions_user_id_permission_id_14a6b632_uniq" ON "auth_user_user_permissions" ("user_id", "permission_id");
CREATE INDEX IF NOT EXISTS "auth_user_user_permissions_user_id_a95ead1b" ON "auth_user_user_permissions" ("user_id");
CREATE INDEX IF NOT EXISTS "auth_user_user_permissions_permission_id_1fbb5f2c" ON "auth_user_user_permissions" ("permission_id");
CREATE INDEX IF NOT EXISTS "django_admin_log_content_type_id_c4bce8eb" ON "django_admin_log" ("content_type_id");
CREATE INDEX IF NOT EXISTS "django_admin_log_user_id_c564eba6" ON "django_admin_log" ("user_id");
CREATE UNIQUE INDEX "django_content_type_app_label_model_76bd3d3b_uniq" ON "django_content_type" ("app_label", "model");
CREATE UNIQUE INDEX "auth_permission_content_type_id_codename_01ab375a_uniq" ON "auth_permission" ("content_type_id", "codename");
CREATE INDEX IF NOT EXISTS "auth_permission_content_type_id_2f476e4b" ON "auth_permission" ("content_type_id");
CREATE INDEX IF NOT EXISTS "django_session_expire_date_a5c62663" ON "django_session" ("expire_date");
CREATE TABLE IF NOT EXISTS "users_event" ("id" integer NOT NULL PRIMARY KEY AUTOINCREMENT, "event_name" varchar(100) NOT NULL, "description" text NOT NULL, "date" date NULL, "event_link" varchar(200) NOT NULL, "image" varchar(100) NULL);
INSERT INTO "users_event" VALUES(1,'Web Dev Workshop','This test is an enabler in helping you find the career path that is best for your skills. Thereafter, users are offered internships, and even job opportunities in some instances, in the area of their skill. So, in a sense, Youth4Work is correctly called the marketplace for talent. As the website identifies the specific talent in every user and accordingly presents them with different opportunities.','2022-01-24','www.google.com','images/Capture_bZEQepD.PNG');
CREATE UNIQUE INDEX "auth_group_permissions_group_id_permission_id_0cd325b0_uniq" ON "auth_group_permissions" ("group_id", "permission_id");
CREATE INDEX IF NOT EXISTS "auth_group_permissions_group_id_b120cbf9" ON "auth_group_permissions" ("group_id");
CREATE INDEX IF NOT EXISTS "auth_group_permissions_permission_id_84c5c92e" ON "auth_group_permissions" ("permission_id");
CREATE UNIQUE INDEX "auth_user_groups_user_id_group_id_94350c0c_uniq" ON "auth_user_groups" ("user_id", "group_id");
CREATE INDEX IF NOT EXISTS "auth_user_groups_user_id_6a12ed8b" ON "auth_user_groups" ("user_id");
CREATE INDEX IF NOT EXISTS "auth_user_groups_group_id_97559544" ON "auth_user_groups" ("group_id");
CREATE UNIQUE INDEX "auth_user_user_permissions_user_id_permission_id_14a6b632_uniq" ON "auth_user_user_permissions" ("user_id", "permission_id");
CREATE INDEX IF NOT EXISTS "auth_user_user_permissions_user_id_a95ead1b" ON "auth_user_user_permissions" ("user_id");
CREATE INDEX IF NOT EXISTS "auth_user_user_permissions_permission_id_1fbb5f2c" ON "auth_user_user_permissions" ("permission_id");
CREATE INDEX IF NOT EXISTS "django_admin_log_content_type_id_c4bce8eb" ON "django_admin_log" ("content_type_id");
CREATE INDEX IF NOT EXISTS "django_admin_log_user_id_c564eba6" ON "django_admin_log" ("user_id");
CREATE UNIQUE INDEX "django_content_type_app_label_model_76bd3d3b_uniq" ON "django_content_type" ("app_label", "model");
CREATE UNIQUE INDEX "auth_permission_content_type_id_codename_01ab375a_uniq" ON "auth_permission" ("content_type_id", "codename");
CREATE INDEX IF NOT EXISTS "auth_permission_content_type_id_2f476e4b" ON "auth_permission" ("content_type_id");
CREATE INDEX IF NOT EXISTS "django_session_expire_date_a5c62663" ON "django_session" ("expire_date");
CREATE TABLE IF NOT EXISTS "users_profile" ("id" integer NOT NULL PRIMARY KEY AUTOINCREMENT, "image" varchar(100) NOT NULL, "user_id" integer NOT NULL UNIQUE REFERENCES "auth_user" ("id") DEFERRABLE INITIALLY DEFERRED);
CREATE UNIQUE INDEX "auth_group_permissions_group_id_permission_id_0cd325b0_uniq" ON "auth_group_permissions" ("group_id", "permission_id");
CREATE INDEX IF NOT EXISTS "auth_group_permissions_group_id_b120cbf9" ON "auth_group_permissions" ("group_id");
CREATE INDEX IF NOT EXISTS "auth_group_permissions_permission_id_84c5c92e" ON "auth_group_permissions" ("permission_id");
CREATE UNIQUE INDEX "auth_user_groups_user_id_group_id_94350c0c_uniq" ON "auth_user_groups" ("user_id", "group_id");
CREATE INDEX IF NOT EXISTS "auth_user_groups_user_id_6a12ed8b" ON "auth_user_groups" ("user_id");
CREATE INDEX IF NOT EXISTS "auth_user_groups_group_id_97559544" ON "auth_user_groups" ("group_id");
CREATE UNIQUE INDEX "auth_user_user_permissions_user_id_permission_id_14a6b632_uniq" ON "auth_user_user_permissions" ("user_id", "permission_id");
CREATE INDEX IF NOT EXISTS "auth_user_user_permissions_user_id_a95ead1b" ON "auth_user_user_permissions" ("user_id");
CREATE INDEX IF NOT EXISTS "auth_user_user_permissions_permission_id_1fbb5f2c" ON "auth_user_user_permissions" ("permission_id");
CREATE INDEX IF NOT EXISTS "django_admin_log_content_type_id_c4bce8eb" ON "django_admin_log" ("content_type_id");
CREATE INDEX IF NOT EXISTS "django_admin_log_user_id_c564eba6" ON "django_admin_log" ("user_id");
CREATE UNIQUE INDEX "django_content_type_app_label_model_76bd3d3b_uniq" ON "django_content_type" ("app_label", "model");
CREATE UNIQUE INDEX "auth_permission_content_type_id_codename_01ab375a_uniq" ON "auth_permission" ("content_type_id", "codename");
CREATE INDEX IF NOT EXISTS "auth_permission_content_type_id_2f476e4b" ON "auth_permission" ("content_type_id");
CREATE INDEX IF NOT EXISTS "django_session_expire_date_a5c62663" ON "django_session" ("expire_date");
